<?xml version="1.0" encoding="utf-8" standalone="no"?>
<SSLMetadata>
    <Name></Name>
    <Artist></Artist>
    <Album></Album>
    <Genre></Genre>
    <Length></Length>
    <Size></Size>
    <ByteSize></ByteSize>
    <Bitrate></Bitrate>
    <Samplerate></Samplerate>
    <BPM></BPM>
    <Comments></Comments>
    <Grouping></Grouping>
    <Remixer></Remixer>
    <Label></Label>
    <Composer></Composer>
    <Year></Year>
    <Rating></Rating>
    <StartPlayTime></StartPlayTime>
    <EndPlayTime></EndPlayTime>
    <Playtime></Playtime>
    <Effects></Effects>
    <Period></Period>
    <ReviewName></ReviewName>
    <ReviewLocation></ReviewLocation>
    <ReviewComment></ReviewComment>
    <Notes></Notes>
    <Key></Key>
    <UniqueSMSID></UniqueSMSID>
    <Application></Application>
    <UTCOffset></UTCOffset>
    <GaindB></GaindB>
    <AutoGain></AutoGain>
    <PlayCount>0</PlayCount>
    <AutoGainAdj></AutoGainAdj>
    <LabelColour>0xffffff</LabelColour>
    <Markers>
        <Marker index="0" type="0"/>
        <Marker index="1" type="0"/>
        <Marker index="2" type="0"/>
        <Marker index="3" type="0"/>
        <Marker index="4" type="0"/>
        <Marker index="5" type="0"/>
        <Marker index="6" type="0"/>
        <Marker index="7" type="0"/>
        <Marker index="8" type="0"/>
        <Marker index="9" type="0"/>
        <Marker index="10" type="0"/>
        <Marker index="11" type="0"/>
        <Marker index="12" type="0"/>
        <Marker index="13" type="0"/>
        <Marker index="14" type="0"/>
        <Marker index="15" type="0"/>
        <Marker index="16" type="0"/>
        <Marker index="17" type="0"/>
        <Marker index="18" type="0"/>
        <Marker index="19" type="0"/>
        <Marker index="20" type="0"/>
        <Marker index="21" type="0"/>
        <Marker index="22" type="0"/>
        <Marker index="23" type="0"/>
        <Marker index="24" type="0"/>
        <Marker index="25" type="0"/>
        <Marker index="26" type="0"/>
        <Marker index="27" type="0"/>
        <Marker index="28" type="0"/>
        <Marker index="29" type="0"/>
        <Marker index="30" type="0"/>
        <Marker index="31" type="0"/>
    </Markers>
    <Loops>
        <Loop index="0" type="3">
            <Position>-1</Position>
            <Color>0</Color>
            <LpPos>-1</LpPos>
            <LpEnable>0</LpEnable>
            <LpLocked>0</LpLocked>
        </Loop>
        <Loop index="1" type="3">
            <Position>-1</Position>
            <Color>0</Color>
            <LpPos>-1</LpPos>
            <LpEnable>0</LpEnable>
            <LpLocked>0</LpLocked>
        </Loop>
        <Loop index="2" type="3">
            <Position>-1</Position>
            <Color>0</Color>
            <LpPos>-1</LpPos>
            <LpEnable>0</LpEnable>
            <LpLocked>0</LpLocked>
        </Loop>
        <Loop index="3" type="3">
            <Position>-1</Position>
            <Color>0</Color>
            <LpPos>-1</LpPos>
            <LpEnable>0</LpEnable>
            <LpLocked>0</LpLocked>
        </Loop>
        <Loop index="4" type="3">
            <Position>-1</Position>
            <Color>0</Color>
            <LpPos>-1</LpPos>
            <LpEnable>0</LpEnable>
            <LpLocked>0</LpLocked>
        </Loop>
        <Loop index="5" type="3">
            <Position>-1</Position>
            <Color>0</Color>
            <LpPos>-1</LpPos>
            <LpEnable>0</LpEnable>
            <LpLocked>0</LpLocked>
        </Loop>
        <Loop index="6" type="3">
            <Position>-1</Position>
            <Color>0</Color>
            <LpPos>-1</LpPos>
            <LpEnable>0</LpEnable>
            <LpLocked>0</LpLocked>
        </Loop>
        <Loop index="7" type="3">
            <Position>-1</Position>
            <Color>0</Color>
            <LpPos>-1</LpPos>
            <LpEnable>0</LpEnable>
            <LpLocked>0</LpLocked>
        </Loop>
        <Loop index="8" type="3">
            <Position>-1</Position>
            <Color>0</Color>
            <LpPos>-1</LpPos>
            <LpEnable>0</LpEnable>
            <LpLocked>0</LpLocked>
        </Loop>
    </Loops>
    <Flips/>
    <BeatGrid/>
    <PercentPlayed>0.00</PercentPlayed>
</SSLMetadata>
