<?xml version="1.0" standalone="yes"?>
<rss xmlns:sparkle="http://www.andymatuschak.org/xml-namespaces/sparkle" version="2.0">
    <channel>
        <title>Crativity</title>
        <item>
            <title>0.2</title>
            <pubDate>Wed, 20 Dec 2023 17:19:55 +0530</pubDate>
            <sparkle:minimumSystemVersion>10.13</sparkle:minimumSystemVersion>
            <sparkle:releaseNotesLink>https://dl.cfloinc.com/ftp/dev/Crativity/Crativity.html</sparkle:releaseNotesLink>
            <enclosure url="https://dl.cfloinc.com/ftp/dev/Crativity/Crativity.zip" sparkle:version="57" sparkle:shortVersionString="0.2" length="64793585" type="application/octet-stream" sparkle:edSignature="JEy3IT3s27nAGd0vaXNBu3P90ESC3ymq2x9TeHGFT52oPbZjkGJRivO2cDEe5Yoe60Sw7iNaj8qMEQpo7omXCg=="/>
        </item>
    </channel>
</rss>
